[{"model": "admin.logentry", "pk": 1, "fields": {"action_time": "2026-07-17T04:53:10.474Z", "user": 1, "content_type": 15, "object_id": "1", "object_repr": "Math", "action_flag": 1, "change_message": "[{\"added\": {}}]"}}, {"model": "admin.logentry", "pk": 2, "fields": {"action_time": "2026-07-17T04:53:30.238Z", "user": 1, "content_type": 15, "object_id": "2", "object_repr": "Computer Science", "action_flag": 1, "change_message": "[{\"added\": {}}]"}}, {"model": "admin.logentry", "pk": 3, "fields": {"action_time": "2026-07-17T04:53:37.333Z", "user": 1, "content_type": 15, "object_id": "3", "object_repr": "Law", "action_flag": 1, "change_message": "[{\"added\": {}}]"}}, {"model": "admin.logentry", "pk": 4, "fields": {"action_time": "2026-07-17T04:53:45.282Z", "user": 1, "content_type": 15, "object_id": "4", "object_repr": "Biology", "action_flag": 1, "change_message": "[{\"added\": {}}]"}}, {"model": "admin.logentry", "pk": 5, "fields": {"action_time": "2026-07-17T05:40:19.975Z", "user": 1, "content_type": 13, "object_id": "25", "object_repr": "Location Update", "action_flag": 3, "change_message": ""}}, {"model": "admin.logentry", "pk": 6, "fields": {"action_time": "2026-07-17T05:40:19.975Z", "user": 1, "content_type": 13, "object_id": "24", "object_repr": "Location Update", "action_flag": 3, "change_message": ""}}, {"model": "admin.logentry", "pk": 7, "fields": {"action_time": "2026-07-17T05:40:19.975Z", "user": 1, "content_type": 13, "object_id": "23", "object_repr": "Location Update", "action_flag": 3, "change_message": ""}}, {"model": "admin.logentry", "pk": 8, "fields": {"action_time": "2026-07-17T05:40:19.975Z", "user": 1, "content_type": 13, "object_id": "22", "object_repr": "Location Update", "action_flag": 3, "change_message": ""}}, {"model": "admin.logentry", "pk": 9, "fields": {"action_time": "2026-07-17T05:40:19.975Z", "user": 1, "content_type": 13, "object_id": "21", "object_repr": "Location Update", "action_flag": 3, "change_message": ""}}, {"model": "admin.logentry", "pk": 10, "fields": {"action_time": "2026-07-17T05:40:19.975Z", "user": 1, "content_type": 13, "object_id": "20", "object_repr": "Location Update", "action_flag": 3, "change_message": ""}}, {"model": "admin.logentry", "pk": 11, "fields": {"action_time": "2026-07-17T05:40:19.975Z", "user": 1, "content_type": 13, "object_id": "19", "object_repr": "Location Update", "action_flag": 3, "change_message": ""}}, {"model": "admin.logentry", "pk": 12, "fields": {"action_time": "2026-07-17T05:40:19.975Z", "user": 1, "content_type": 13, "object_id": "18", "object_repr": "Location Update", "action_flag": 3, "change_message": ""}}, {"model": "admin.logentry", "pk": 13, "fields": {"action_time": "2026-07-17T05:40:19.975Z", "user": 1, "content_type": 13, "object_id": "17", "object_repr": "Location Update", "action_flag": 3, "change_message": ""}}, {"model": "admin.logentry", "pk": 14, "fields": {"action_time": "2026-07-17T05:40:19.975Z", "user": 1, "content_type": 13, "object_id": "16", "object_repr": "Location Update", "action_flag": 3, "change_message": ""}}, {"model": "admin.logentry", "pk": 15, "fields": {"action_time": "2026-07-17T05:40:19.975Z", "user": 1, "content_type": 13, "object_id": "15", "object_repr": "Location Update", "action_flag": 3, "change_message": ""}}, {"model": "admin.logentry", "pk": 16, "fields": {"action_time": "2026-07-17T05:40:19.975Z", "user": 1, "content_type": 13, "object_id": "14", "object_repr": "Location Update", "action_flag": 3, "change_message": ""}}, {"model": "admin.logentry", "pk": 17, "fields": {"action_time": "2026-07-17T05:40:19.975Z", "user": 1, "content_type": 13, "object_id": "13", "object_repr": "Location Update", "action_flag": 3, "change_message": ""}}, {"model": "admin.logentry", "pk": 18, "fields": {"action_time": "2026-07-17T05:40:19.975Z", "user": 1, "content_type": 13, "object_id": "12", "object_repr": "Location Update", "action_flag": 3, "change_message": ""}}, {"model": "admin.logentry", "pk": 19, "fields": {"action_time": "2026-07-17T05:40:19.975Z", "user": 1, "content_type": 13, "object_id": "11", "object_repr": "Location Update", "action_flag": 3, "change_message": ""}}, {"model": "admin.logentry", "pk": 20, "fields": {"action_time": "2026-07-17T05:40:19.975Z", "user": 1, "content_type": 13, "object_id": "10", "object_repr": "Location Update", "action_flag": 3, "change_message": ""}}, {"model": "admin.logentry", "pk": 21, "fields": {"action_time": "2026-07-17T05:40:19.975Z", "user": 1, "content_type": 13, "object_id": "9", "object_repr": "Location Update", "action_flag": 3, "change_message": ""}}, {"model": "admin.logentry", "pk": 22, "fields": {"action_time": "2026-07-17T05:40:19.975Z", "user": 1, "content_type": 13, "object_id": "8", "object_repr": "Location Update", "action_flag": 3, "change_message": ""}}, {"model": "admin.logentry", "pk": 23, "fields": {"action_time": "2026-07-17T05:40:19.975Z", "user": 1, "content_type": 13, "object_id": "7", "object_repr": "Location Update", "action_flag": 3, "change_message": ""}}, {"model": "admin.logentry", "pk": 24, "fields": {"action_time": "2026-07-17T05:40:19.975Z", "user": 1, "content_type": 13, "object_id": "6", "object_repr": "Location Update", "action_flag": 3, "change_message": ""}}, {"model": "admin.logentry", "pk": 25, "fields": {"action_time": "2026-07-17T05:40:19.975Z", "user": 1, "content_type": 13, "object_id": "5", "object_repr": "Location Update", "action_flag": 3, "change_message": ""}}, {"model": "admin.logentry", "pk": 26, "fields": {"action_time": "2026-07-17T05:40:19.975Z", "user": 1, "content_type": 13, "object_id": "4", "object_repr": "Location Update", "action_flag": 3, "change_message": ""}}, {"model": "admin.logentry", "pk": 27, "fields": {"action_time": "2026-07-17T05:40:19.975Z", "user": 1, "content_type": 13, "object_id": "3", "object_repr": "Location Update", "action_flag": 3, "change_message": ""}}, {"model": "admin.logentry", "pk": 28, "fields": {"action_time": "2026-07-17T05:40:19.975Z", "user": 1, "content_type": 13, "object_id": "2", "object_repr": "Location Update", "action_flag": 3, "change_message": ""}}, {"model": "admin.logentry", "pk": 29, "fields": {"action_time": "2026-07-17T05:40:19.975Z", "user": 1, "content_type": 13, "object_id": "1", "object_repr": "Location Update", "action_flag": 3, "change_message": ""}}, {"model": "admin.logentry", "pk": 30, "fields": {"action_time": "2026-07-17T05:46:01.008Z", "user": 1, "content_type": 13, "object_id": "29", "object_repr": "Location Update", "action_flag": 3, "change_message": ""}}, {"model": "admin.logentry", "pk": 31, "fields": {"action_time": "2026-07-17T05:46:01.008Z", "user": 1, "content_type": 13, "object_id": "28", "object_repr": "Location Update", "action_flag": 3, "change_message": ""}}, {"model": "admin.logentry", "pk": 32, "fields": {"action_time": "2026-07-17T05:46:01.008Z", "user": 1, "content_type": 13, "object_id": "27", "object_repr": "Location Update", "action_flag": 3, "change_message": ""}}, {"model": "admin.logentry", "pk": 33, "fields": {"action_time": "2026-07-17T05:46:01.008Z", "user": 1, "content_type": 13, "object_id": "26", "object_repr": "Location Update", "action_flag": 3, "change_message": ""}}, {"model": "sessions.session", "pk": "gzoborln9esdwtoabciw1bvkihr6cwjz", "fields": {"session_data": ".eJxVjEEOwiAQRe_C2hBgnBZcuvcMZGBGqRpISrsy3l2bdKHb_977LxVpXUpcu8xxYnVSVh1-t0T5IXUDfKd6azq3usxT0puid9r1pbE8z7v7d1Col2_tBhuI3RVZAmIORMIOBEAcWwneQw4o1oA_jgjeeEDLOBrhIRMlr94f4XU3rQ:1wkVX1:BFR65hsFCNR6sKX2snep3uh1iglC-mvfs36YvTDYly0", "expire_date": "2026-07-30T23:30:19.266Z"}}, {"model": "sessions.session", "pk": "n1etp3z3jom02ifubrylo0o4jm98npud", "fields": {"session_data": ".eJxVjEEOwiAQRe_C2hBgnBZcuvcMZGBGqRpISrsy3l2bdKHb_977LxVpXUpcu8xxYnVSVh1-t0T5IXUDfKd6azq3usxT0puid9r1pbE8z7v7d1Col2_tBhuI3RVZAmIORMIOBEAcWwneQw4o1oA_jgjeeEDLOBrhIRMlr94f4XU3rQ:1wkaXy:A4mqk1lb3NDgPadvgJIBEnlv_yzLwJRgGvH9l6Qpx2s", "expire_date": "2026-07-31T04:51:38.520Z"}}, {"model": "sessions.session", "pk": "t068hhqs19l8hrbm6ej86fcenhb4emuf", "fields": {"session_data": ".eJxVjEEOwiAQRe_C2hBgnBZcuvcMZGBGqRpISrsy3l2bdKHb_977LxVpXUpcu8xxYnVSVh1-t0T5IXUDfKd6azq3usxT0puid9r1pbE8z7v7d1Col2_tBhuI3RVZAmIORMIOBEAcWwneQw4o1oA_jgjeeEDLOBrhIRMlr94f4XU3rQ:1wkVZ4:snErJwrfj04XVlzGLLc7kjq5TXJpGUTUTby_jXaURKg", "expire_date": "2026-07-30T23:32:26.357Z"}}, {"model": "tracker.usercurrentlocation", "pk": 1, "fields": {"user": 4, "latitude": 54.84361648660633, "longitude": 83.0891232924495, "place_name": "Университетский проспект", "arrival_time": "2026-07-18T10:25:50.337Z", "last_updated": "2026-07-19T08:37:40.649Z", "tracking_method": "GPS", "is_static": false}}, {"model": "tracker.usercurrentlocation", "pk": 2, "fields": {"user": 3, "latitude": 54.843677228737306, "longitude": 83.08914845815484, "place_name": "Университетский проспект", "arrival_time": "2026-07-17T08:04:33.672Z", "last_updated": "2026-07-19T08:37:40.810Z", "tracking_method": "GPS", "is_static": false}}, {"model": "tracker.enrichedplace", "pk": 1, "fields": {"name": "Test Library", "city": "London", "place_type": "library", "ai_data": {"info": "Great place"}, "created_at": "2026-07-18T05:49:10.851Z", "updated_at": "2026-07-18T05:49:10.851Z"}}, {"model": "tracker.enrichedplace", "pk": 2, "fields": {"name": "Test Library", "city": "Manchester", "place_type": "library", "ai_data": {"info": "Different city"}, "created_at": "2026-07-18T05:49:32.926Z", "updated_at": "2026-07-18T05:49:32.926Z"}}, {"model": "tracker.enrichedplace", "pk": 3, "fields": {"name": "Hardee's", "city": "القاهرة", "place_type": "restaurant", "ai_data": {"description": "Hardee's is a popular fast-food restaurant chain in القاهرة, offering a variety of burgers, sandwiches, and other American-style meals in a casual and welcoming environment. The general vibe is lively and convenient, making it a great spot for a quick bite or meal on the go.", "atmosphere": "Bustling & Energetic", "contextual_vocabulary": ["menu", "condiment", "dining", "appetizer", "takeout"], "language_opportunity": "An English learner can practice their language skills at Hardee's by ordering food in English and engaging in small talk with the staff.", "mini_challenge": "Try to order a customized meal in English, using at least three adjectives to describe your preferences, such as 'I'd like a large, spicy, and crispy burger'."}, "created_at": "2026-07-18T09:15:43.302Z", "updated_at": "2026-07-18T09:15:43.302Z"}}, {"model": "tracker.enrichedplace", "pk": 4, "fields": {"name": "تمثال السيد عمر مكرم", "city": "القاهرة", "place_type": "tourism", "ai_data": {"description": "The Omar Makram Statue is a historical landmark in Cairo, honoring the legacy of a national hero who led a rebellion against the French occupation, offering a glimpse into Egypt's rich history and cultural heritage. Located in a vibrant area, the statue is surrounded by bustling streets and local vendors, creating a lively atmosphere.", "atmosphere": "Historic & Vibrant", "contextual_vocabulary": ["rebellion", "occupation", "nationalist", "monumental", "historical"], "language_opportunity": "An English learner can practice their language skills by asking locals about the significance of the Omar Makram Statue and its importance in Egyptian history.", "mini_challenge": "Try to use at least three vocabulary words related to history and culture to describe the statue and its surroundings to a fellow tourist."}, "created_at": "2026-07-18T09:15:44.346Z", "updated_at": "2026-07-18T09:15:44.346Z"}}, {"model": "tracker.enrichedplace", "pk": 5, "fields": {"name": "Скамейка-шпаргалка", "city": "Unknown", "place_type": "tourism", "ai_data": {"description": "Скамейка-шпаргалка, or the 'Cheater's Bench', is a quirky tourist attraction that offers a unique seating experience, often found in unexpected locations, providing an amusing spot for passersby to take memorable photos. Its general vibe is playful and intriguing, inviting curiosity and interaction from visitors.", "atmosphere": "Quirky & Interactive", "contextual_vocabulary": ["whimsical", "deception", "benchmark", "gimmick", "landmark"], "language_opportunity": "An English learner can practice their language skills here by describing the bench's unusual design and purpose to a fellow tourist or local, using vocabulary related to deception and creativity.", "mini_challenge": "Try to come up with five different words to describe the bench's whimsical nature and explain each choice to someone nearby, using full sentences and contextual examples."}, "created_at": "2026-07-18T09:15:44.368Z", "updated_at": "2026-07-18T09:15:44.368Z"}}, {"model": "tracker.enrichedplace", "pk": 6, "fields": {"name": "New York City Police Headquarters", "city": "Unknown", "place_type": "general", "ai_data": {"description": "The New York City Police Headquarters is a prominent governmental building serving as the central hub for the NYPD, exuding an air of authority and professionalism. Located in a bustling area, it's a place where visitors can observe the city's law enforcement in action, while also appreciating its architectural design.", "atmosphere": "Formal & Professional", "contextual_vocabulary": ["headquarters", "jurisdiction", "lawlessness", "bureaucracy", "surveillance"], "language_opportunity": "An English learner can practice their language skills here by asking police officers or staff about the building's history and the role of the NYPD in maintaining city safety.", "mini_challenge": "Try to use at least three vocabulary words related to law enforcement in a single sentence when asking for directions to a nearby landmark."}, "created_at": "2026-07-18T09:15:44.728Z", "updated_at": "2026-07-18T09:15:44.728Z"}}, {"model": "tracker.enrichedplace", "pk": 7, "fields": {"name": "Научная библиотека НГУ", "city": "Unknown", "place_type": "general", "ai_data": {"description": "The Научная библиотека НГУ, or Scientific Library of Novosibirsk State University, is a hub for academic and research pursuits, offering a vast collection of scientific and literary works. This library provides a serene and studious environment conducive to learning and intellectual exploration.", "atmosphere": "Quiet & Academic", "contextual_vocabulary": ["repository", "cataloging", "bibliophile", "interdisciplinary", "scholarly"], "language_opportunity": "An English learner can practice their language skills here by asking librarians about specific books or research topics and engaging in conversations about academic interests.", "mini_challenge": "Try to find a book in English on a topic you're interested in and summarize its main idea to a friend or librarian in one minute."}, "created_at": "2026-07-18T09:15:45.254Z", "updated_at": "2026-07-18T09:15:45.254Z"}}, {"model": "tracker.enrichedplace", "pk": 8, "fields": {"name": "Pizza Hut", "city": "القاهرة", "place_type": "restaurant", "ai_data": {"description": "Pizza Hut in القاهرة is a popular restaurant chain serving a variety of delicious pizzas and other Italian-American dishes in a cozy and inviting atmosphere, making it a great spot for families and friends to gather. With its extensive menu and friendly staff, Pizza Hut is a fantastic place to enjoy a meal and practice English with the servers and fellow diners.", "atmosphere": "Casual & Inviting", "contextual_vocabulary": ["appetizer", "crust", "toppings", "dine", "cuisine"], "language_opportunity": "An English learner can practice their language skills here by ordering food in English and asking the server for recommendations or special deals.", "mini_challenge": "Try to order a customized pizza using at least three different toppings and ask the server to repeat the order back to you to ensure it's correct."}, "created_at": "2026-07-18T09:15:45.308Z", "updated_at": "2026-07-18T09:15:45.308Z"}}, {"model": "tracker.enrichedplace", "pk": 9, "fields": {"name": "New York City Supreme Court", "city": "Unknown", "place_type": "general", "ai_data": {"description": "The New York City Supreme Court is a prominent institution that serves as the trial court of general jurisdiction in New York City, handling a wide range of cases from civil disputes to serious crimes. This esteemed courthouse is known for its grand architecture and historical significance, offering a glimpse into the city's rich legal heritage.", "atmosphere": "Formal & Professional", "contextual_vocabulary": ["jurisdiction", "litigation", "adjudication", "testimony", "verdict"], "language_opportunity": "An English learner can practice their language skills by observing and taking notes on the court proceedings, then discussing the cases with a partner or writing a short summary of what they witnessed.", "mini_challenge": "Count the number of legal terms you hear being used during a court session and try to use at least three of them correctly in your own sentences afterwards."}, "created_at": "2026-07-18T09:15:45.724Z", "updated_at": "2026-07-18T09:15:45.724Z"}}, {"model": "tracker.enrichedplace", "pk": 10, "fields": {"name": "Столовая НГУ", "city": "Unknown", "place_type": "restaurant", "ai_data": {"description": "Столовая НГУ, or the Novosibirsk State University canteen, is a bustling spot where students and faculty gather to enjoy a variety of Russian dishes at affordable prices, offering a glimpse into local university life. The atmosphere is lively and casual, with long tables and a self-service counter that adds to the sense of community.", "atmosphere": "Bustling & Casual", "contextual_vocabulary": ["canteen", "affordability", "communal", "self-service", "university"], "language_opportunity": "An English learner can practice their language skills by ordering food in English and engaging in conversation with the friendly staff or fellow students at Столовая НГУ.", "mini_challenge": "Try to order a traditional Russian meal using only English and see how the staff responds, making it a fun interactive English challenge."}, "created_at": "2026-07-18T09:15:46.154Z", "updated_at": "2026-07-18T09:15:46.154Z"}}, {"model": "tracker.enrichedplace", "pk": 11, "fields": {"name": "Manhattan Criminal Courts Building", "city": "Unknown", "place_type": "general", "ai_data": {"description": "The Manhattan Criminal Courts Building is a hub of judicial activity, where lawyers, judges, and defendants convene to navigate the complexities of the law, creating a dynamic and intense environment. As a prominent fixture in the city's justice system, this building exudes an air of importance and gravity.", "atmosphere": "Serious & Formal", "contextual_vocabulary": ["litigation", "jurisdiction", "adjudication", "testimony", "verdict"], "language_opportunity": "An English learner can practice their language skills by observing and taking note of the legal terminology used throughout the building, then discussing the proceedings with a friend or tutor.", "mini_challenge": "Try to use at least three legal terms in context while describing a hypothetical court case to a partner or friend."}, "created_at": "2026-07-18T09:15:46.622Z", "updated_at": "2026-07-18T09:15:46.622Z"}}, {"model": "tracker.enrichedplace", "pk": 12, "fields": {"name": "Nagoya Sushi Bar and Japanese Steakhouse", "city": "Ashburn", "place_type": "restaurant", "ai_data": {"description": "Nagoya Sushi Bar and Japanese Steakhouse is a vibrant eatery offering an array of traditional Japanese dishes in an upbeat atmosphere, complete with teppanyaki grills and a sushi bar. The general vibe is lively, with chefs showcasing their culinary skills in a theatrical manner.", "atmosphere": "Bustling & Energetic", "contextual_vocabulary": ["teppanyaki", "sushi", "tempura", "sashimi", "hibachi"], "language_opportunity": "An English learner can practice their language skills by ordering food, asking the chef about the ingredients, and engaging in conversation with the friendly wait staff.", "mini_challenge": "Try to order a customized sushi roll using at least three different types of ingredients and ask the chef to explain the preparation process in English."}, "created_at": "2026-07-19T08:37:40.500Z", "updated_at": "2026-07-19T08:37:40.500Z"}}, {"model": "tracker.enrichedplace", "pk": 13, "fields": {"name": "Эволюция земли", "city": "городской округ Новосибирск", "place_type": "tourism", "ai_data": {"description": "Эволюция земли is a unique tourist attraction in городской округ Новосибирск that takes visitors on a journey through the Earth's history, showcasing its evolution in an engaging and interactive way. With its cutting-edge exhibits and immersive experiences, this place offers an unforgettable adventure for visitors of all ages.", "atmosphere": "Educational & Interactive", "contextual_vocabulary": ["paleontology", "geological", "fossilization", "prehistoric", "anthropology"], "language_opportunity": "An English learner can practice their language skills here by asking the staff questions about the exhibits and listening to their explanations in English.", "mini_challenge": "Try to describe one of the exhibits to a friend or family member in English without looking at any signs or labels, using vocabulary related to the Earth's evolution."}, "created_at": "2026-07-19T08:37:40.899Z", "updated_at": "2026-07-19T08:37:40.899Z"}}, {"model": "tracker.enrichedplace", "pk": 14, "fields": {"name": "Thai Deelish", "city": "Ashburn", "place_type": "restaurant", "ai_data": {"description": "Thai Deelish is a vibrant restaurant serving a wide array of authentic Thai dishes in the heart of Ashburn, offering a culinary journey through the flavors of Thailand. With its cozy atmosphere and aromatic scents, this place is a must-visit for food lovers seeking to explore the diverse world of Thai cuisine.", "atmosphere": "Cozy & Inviting", "contextual_vocabulary": ["aromatic", "culinary", "authentic", "diverse", "flavorsome"], "language_opportunity": "An English learner can practice their language skills by ordering food, asking about the daily specials, and engaging in conversations with the friendly staff at Thai Deelish.", "mini_challenge": "Try to use at least three vocabulary words related to food, such as 'appetizer', 'entree', and 'dessert', in a single sentence while ordering your meal at Thai Deelish."}, "created_at": "2026-07-19T08:37:41.288Z", "updated_at": "2026-07-19T08:37:41.288Z"}}, {"model": "tracker.enrichedplace", "pk": 15, "fields": {"name": "N*", "city": "городской округ Новосибирск", "place_type": "tourism", "ai_data": {"description": "N* is a captivating tourist destination in городской округ Новосибирск, offering an eclectic mix of cultural and entertainment activities. This vibrant spot is perfect for travelers seeking to immerse themselves in the local lifestyle and explore the city's hidden gems.", "atmosphere": "Vibrant & Energetic", "contextual_vocabulary": ["eclectic", "captivating", "vibrant", "lifestyle", "immersive"], "language_opportunity": "An English learner can practice their language skills here by engaging in conversations with locals and tourists about the destination's history and cultural significance.", "mini_challenge": "Try to describe a local landmark or artwork to a fellow tourist using only vocabulary related to art and architecture."}, "created_at": "2026-07-19T08:37:41.716Z", "updated_at": "2026-07-19T08:37:41.716Z"}}, {"model": "tracker.enrichedplace", "pk": 16, "fields": {"name": "Subway", "city": "Ashburn", "place_type": "restaurant", "ai_data": {"description": "Subway is a popular fast-food restaurant chain offering a variety of sandwiches and salads in a quick and convenient manner, making it a great spot for a casual meal. The general vibe is modern and efficient, with a focus on customization and customer choice.", "atmosphere": "Fast-paced", "contextual_vocabulary": ["customization", "artisanal", "condiments", "portion", "nutrition"], "language_opportunity": "An English learner can practice their language skills by ordering a customized sandwich and interacting with the staff to ask about ingredients and nutritional information.", "mini_challenge": "Try to order a sandwich using at least three different toppings and ask the staff for recommendations on sauces and cheese."}, "created_at": "2026-07-19T08:37:42.035Z", "updated_at": "2026-07-19T08:37:42.035Z"}}, {"model": "tracker.enrichedplace", "pk": 17, "fields": {"name": "Скамейка-шпаргалка", "city": "городской округ Новосибирск", "place_type": "tourism", "ai_data": {"description": "Скамейка-шпаргалка, located in городской округ Новосибирск, is a quirky bench that has become a popular tourist attraction, offering a unique spot for photos and relaxation. This whimsical landmark showcases the city's creative side and provides an entertaining experience for visitors.", "atmosphere": "Quirky & Inviting", "contextual_vocabulary": ["whimsical", "landmark", "attraction", "quirky", "relaxation"], "language_opportunity": "An English learner can practice their language skills here by describing the bench's design and taking to locals about its history and significance.", "mini_challenge": "Take a photo with the bench and write a short caption in English describing what makes this spot special, then share it with a friend or language exchange partner."}, "created_at": "2026-07-19T08:37:42.535Z", "updated_at": "2026-07-19T08:37:42.535Z"}}, {"model": "notifications.notificationhistory", "pk": 30, "fields": {"user": 4, "title": "Location Update", "message": "You are now in 杉並区! There is a interesting place near you! Can you explain what is 'scenery' and 'explore'?", "is_read": false, "created_at": "2026-07-17T05:46:36.301Z"}}, {"model": "notifications.notificationhistory", "pk": 31, "fields": {"user": 4, "title": "Location Update", "message": "You are now in New York City Hall! There is a tourism near you! Have you heard of 'itinerary' and 'excursion'?", "is_read": false, "created_at": "2026-07-17T05:47:44.088Z"}}, {"model": "notifications.notificationhistory", "pk": 32, "fields": {"user": 4, "title": "Location Update", "message": "You are now in Университетский проспект! There is a tourism near you! Can you explain what is 'heritage' and 'sightseeing'?", "is_read": false, "created_at": "2026-07-17T05:48:13.998Z"}}, {"model": "notifications.notificationhistory", "pk": 33, "fields": {"user": 4, "title": "Location Update", "message": "You are now in Butterfield Court! There is a restaurant near you! Have you heard of 'waiter' and 'bill'?", "is_read": false, "created_at": "2026-07-17T07:40:38.118Z"}}, {"model": "notifications.notificationhistory", "pk": 34, "fields": {"user": 4, "title": "Location Update", "message": "You are now in Университетский проспект! Let's start an adventure. Do you know the words 'path' and 'adventure'?", "is_read": false, "created_at": "2026-07-17T07:41:39.206Z"}}, {"model": "notifications.notificationhistory", "pk": 35, "fields": {"user": 3, "title": "Location Update", "message": "You are now in Университетский проспект! There is a tourism near you! Can you explain what is 'attraction' and 'guidebook'?", "is_read": false, "created_at": "2026-07-17T07:42:36.287Z"}}, {"model": "notifications.notificationhistory", "pk": 36, "fields": {"user": 3, "title": "Location Update", "message": "You are now in Университетский проспект! While exploring this tourism, do you know the meaning of 'destination' and 'museum'?", "is_read": false, "created_at": "2026-07-17T07:42:36.718Z"}}, {"model": "notifications.notificationhistory", "pk": 37, "fields": {"user": 3, "title": "Location Update", "message": "You are now in Butterfield Court! Let's start an adventure. Do you know the words 'map' and 'direction'?", "is_read": false, "created_at": "2026-07-17T07:58:54.506Z"}}, {"model": "notifications.notificationhistory", "pk": 38, "fields": {"user": 3, "title": "Location Update", "message": "You are now in Университетский проспект! There is a tourism near you! Have you heard of 'souvenir' and 'museum'?", "is_read": false, "created_at": "2026-07-17T08:04:33.636Z"}}, {"model": "notifications.notificationhistory", "pk": 39, "fields": {"user": 4, "title": "Location Update", "message": "You are now in ميدان التحرير! While exploring this restaurant, do you know the meaning of 'recipe' and 'bill'?", "is_read": false, "created_at": "2026-07-18T09:13:38.967Z"}}, {"model": "notifications.notificationhistory", "pk": 40, "fields": {"user": 4, "title": "Location Update", "message": "You are now in Unknown Location! Let's start an adventure. Do you know the words 'scenery' and 'map'?", "is_read": false, "created_at": "2026-07-18T09:15:39.903Z"}}, {"model": "notifications.notificationhistory", "pk": 41, "fields": {"user": 4, "title": "Location Update", "message": "You are now in Unknown Location! There is a tourism near you! Can you explain what is 'excursion' and 'souvenir'?", "is_read": false, "created_at": "2026-07-18T09:15:41.909Z"}}, {"model": "notifications.notificationhistory", "pk": 42, "fields": {"user": 4, "title": "Location Update", "message": "You are now in Unknown Location! While exploring this interesting place, do you know the meaning of 'neighborhood' and 'path'?", "is_read": false, "created_at": "2026-07-18T09:15:42.055Z"}}, {"model": "notifications.notificationhistory", "pk": 43, "fields": {"user": 4, "title": "Location Update", "message": "You are now in Unknown Location! Let's start an adventure. Do you know the words 'discover' and 'wander'?", "is_read": false, "created_at": "2026-07-18T09:15:42.932Z"}}, {"model": "notifications.notificationhistory", "pk": 44, "fields": {"user": 4, "title": "Location Update", "message": "You are now in Unknown Location! Let's start an adventure. Do you know the words 'explore' and 'discover'?", "is_read": false, "created_at": "2026-07-18T09:15:45.166Z"}}, {"model": "notifications.notificationhistory", "pk": 45, "fields": {"user": 4, "title": "Location Update", "message": "You are now in Unknown Location! Let's start an adventure. Do you know the words 'journey' and 'landmark'?", "is_read": false, "created_at": "2026-07-18T09:15:46.347Z"}}, {"model": "notifications.notificationhistory", "pk": 46, "fields": {"user": 4, "title": "Location Update", "message": "You are now in Unknown Location! Let's start an adventure. Do you know the words 'discover' and 'adventure'?", "is_read": false, "created_at": "2026-07-18T09:15:48.351Z"}}, {"model": "notifications.notificationhistory", "pk": 47, "fields": {"user": 4, "title": "Location Update", "message": "You are now in Unknown Location! Let's start an adventure. Do you know the words 'adventure' and 'explore'?", "is_read": false, "created_at": "2026-07-18T09:15:49.390Z"}}, {"model": "notifications.notificationhistory", "pk": 48, "fields": {"user": 4, "title": "Location Update", "message": "You are now in Unknown Location! Let's start an adventure. Do you know the words 'landmark' and 'journey'?", "is_read": false, "created_at": "2026-07-18T09:15:50.413Z"}}, {"model": "notifications.notificationhistory", "pk": 49, "fields": {"user": 4, "title": "Location Update", "message": "You are now in Butterfield Court! There is a restaurant near you! Have you heard of 'menu' and 'gratuity'?", "is_read": false, "created_at": "2026-07-18T10:23:04.001Z"}}, {"model": "notifications.notificationhistory", "pk": 50, "fields": {"user": 4, "title": "Location Update", "message": "You are now in Университетский проспект! While exploring this tourism, do you know the meaning of 'monument' and 'attraction'?", "is_read": false, "created_at": "2026-07-18T10:25:50.292Z"}}, {"model": "accounts.fieldofstudy", "pk": 1, "fields": {"name": "Math"}}, {"model": "accounts.fieldofstudy", "pk": 2, "fields": {"name": "Computer Science"}}, {"model": "accounts.fieldofstudy", "pk": 3, "fields": {"name": "Law"}}, {"model": "accounts.fieldofstudy", "pk": 4, "fields": {"name": "Biology"}}, {"model": "accounts.customuser", "pk": 1, "fields": {"password": "pbkdf2_sha256$1200000$VuPk0Ag9zgJuxM9UaTvMy4$QphDm0vPamg4GnIS+yt4/mWjdlPrBL+85RgJeXoHHew=", "last_login": "2026-07-17T04:51:38.512Z", "is_superuser": true, "username": "amr", "first_name": "", "last_name": "", "is_staff": true, "is_active": true, "date_joined": "2026-07-16T21:09:18.174Z", "email": "amr@gmail.com", "avatar": "avatars/avatar_amr.png", "current_level": "A1", "target_level": "B2", "learning_goal": null, "gender": null, "birth_date": null, "study_level": null, "study_field": null, "has_taken_initial_assessment": false, "groups": [], "user_permissions": []}}, {"model": "accounts.customuser", "pk": 2, "fields": {"password": "password123", "last_login": null, "is_superuser": false, "username": "ai_tester", "first_name": "", "last_name": "", "is_staff": false, "is_active": true, "date_joined": "2026-07-16T23:18:35.415Z", "email": "ai_tester@example.com", "avatar": "avatars/avatar_ai_tester.png", "current_level": "A1", "target_level": "B2", "learning_goal": null, "gender": null, "birth_date": null, "study_level": null, "study_field": null, "has_taken_initial_assessment": false, "groups": [], "user_permissions": []}}, {"model": "accounts.customuser", "pk": 3, "fields": {"password": "pbkdf2_sha256$1200000$ROiDTzAjECf9HoT6Wsd0vF$AFiP7436WWimPPnQoJft8thhMJdDFncEyjo0DldQxy8=", "last_login": null, "is_superuser": false, "username": "alex", "first_name": "", "last_name": "", "is_staff": false, "is_active": true, "date_joined": "2026-07-16T23:34:39.804Z", "email": "alex@gmail.com", "avatar": "avatars/avatar_alex.png", "current_level": "A1", "target_level": "B2", "learning_goal": null, "gender": null, "birth_date": null, "study_level": null, "study_field": null, "has_taken_initial_assessment": true, "groups": [], "user_permissions": []}}, {"model": "accounts.customuser", "pk": 4, "fields": {"password": "pbkdf2_sha256$1200000$4OVGdkZsrSY6LzmQeisCD8$7ef6qEpaCdoSpRGgx/l3YAxQ5rybrdpWUg/IJQ3WmJo=", "last_login": null, "is_superuser": false, "username": "collins", "first_name": "", "last_name": "", "is_staff": false, "is_active": true, "date_joined": "2026-07-17T02:29:22.278Z", "email": "collins@testmails.com", "avatar": "avatars/avatar_collins.png", "current_level": "A1", "target_level": "B2", "learning_goal": null, "gender": null, "birth_date": null, "study_level": null, "study_field": null, "has_taken_initial_assessment": true, "groups": [], "user_permissions": []}}, {"model": "accounts.customuser", "pk": 5, "fields": {"password": "", "last_login": null, "is_superuser": false, "username": "shell_tester", "first_name": "", "last_name": "", "is_staff": false, "is_active": true, "date_joined": "2026-07-18T05:47:16.459Z", "email": "tester@ella.com", "avatar": "avatars/avatar_tester.png", "current_level": "A1", "target_level": "B2", "learning_goal": null, "gender": null, "birth_date": null, "study_level": null, "study_field": null, "has_taken_initial_assessment": false, "groups": [], "user_permissions": []}}, {"model": "chats.session", "pk": "1ca91d9e-725c-48eb-815f-f2238a88e619", "fields": {"user": 5, "topic": "Restaurant Vocabulary", "created_at": "2026-07-18T05:50:46.398Z"}}, {"model": "chats.session", "pk": "4f69147e-b9da-47d1-8c9e-d893d027c687", "fields": {"user": 3, "topic": null, "created_at": "2026-07-16T23:37:52.525Z"}}, {"model": "chats.session", "pk": "5d415393-b1cc-45b9-8871-797c1a39fc58", "fields": {"user": 3, "topic": null, "created_at": "2026-07-16T23:38:00.224Z"}}, {"model": "chats.session", "pk": "5f8423f4-ba40-4737-b780-c673069bb266", "fields": {"user": 2, "topic": "Testing Groq API", "created_at": "2026-07-16T23:28:03.875Z"}}, {"model": "chats.session", "pk": "7b57cd30-d233-49d6-8056-b669f6bc571f", "fields": {"user": 2, "topic": "Testing Groq API", "created_at": "2026-07-16T23:19:18.235Z"}}, {"model": "chats.session", "pk": "977c36df-5cfc-43e5-bf5a-b2231b56e5b5", "fields": {"user": 5, "topic": "Restaurant Vocabulary", "created_at": "2026-07-18T05:47:16.536Z"}}, {"model": "chats.session", "pk": "de6d0e01-3c8a-4998-8bd1-46c81f53cd83", "fields": {"user": 2, "topic": "Testing Groq API", "created_at": "2026-07-16T23:20:00.473Z"}}, {"model": "chats.session", "pk": "f1035061-0ac1-4d6e-8b3c-732a31991186", "fields": {"user": 2, "topic": "Testing Groq API", "created_at": "2026-07-16T23:18:35.473Z"}}, {"model": "chats.message", "pk": 1, "fields": {"session": "5d415393-b1cc-45b9-8871-797c1a39fc58", "sender": "user", "content_text": "whos is lamine yamal", "audio_file": "", "timestamp": "2026-07-16T23:38:47.143Z"}}, {"model": "chats.message", "pk": 2, "fields": {"session": "5d415393-b1cc-45b9-8871-797c1a39fc58", "sender": "ai", "content_text": "I couldn't find any information on a person named Lamine Yamal. It's possible that the name is misspelled, or Lamine Yamal may not be a public figure or a well-known individual. Can you provide more context or details about who Lamine Yamal is or what they are known for? This will help me provide a more accurate and helpful response.", "audio_file": "", "timestamp": "2026-07-16T23:38:49.993Z"}}, {"model": "chats.message", "pk": 3, "fields": {"session": "977c36df-5cfc-43e5-bf5a-b2231b56e5b5", "sender": "user", "content_text": "Hi, I want to learn how to order food in a restaurant.", "audio_file": "", "timestamp": "2026-07-18T05:47:16.547Z"}}, {"model": "chats.message", "pk": 4, "fields": {"session": "1ca91d9e-725c-48eb-815f-f2238a88e619", "sender": "user", "content_text": "Hi, I want to learn how to order food in a restaurant.", "audio_file": "", "timestamp": "2026-07-18T05:50:46.414Z"}}, {"model": "chats.message", "pk": 5, "fields": {"session": "1ca91d9e-725c-48eb-815f-f2238a88e619", "sender": "ai", "content_text": "Hello! I'd love to help you with that. What would you like to order?", "audio_file": "", "timestamp": "2026-07-18T05:50:46.421Z"}}, {"model": "chats.message", "pk": 6, "fields": {"session": "1ca91d9e-725c-48eb-815f-f2238a88e619", "sender": "user", "content_text": "What was the topic I just asked you about?", "audio_file": "", "timestamp": "2026-07-18T05:50:46.422Z"}}, {"model": "chats.message", "pk": 7, "fields": {"session": "4f69147e-b9da-47d1-8c9e-d893d027c687", "sender": "user", "content_text": "hello", "audio_file": "", "timestamp": "2026-07-18T10:57:19.133Z"}}, {"model": "chats.message", "pk": 8, "fields": {"session": "4f69147e-b9da-47d1-8c9e-d893d027c687", "sender": "ai", "content_text": "Hello. It's nice to meet you. Is there something I can help you with, or would you like to chat for a bit?", "audio_file": "", "timestamp": "2026-07-18T10:57:20.634Z"}}, {"model": "chats.message", "pk": 9, "fields": {"session": "4f69147e-b9da-47d1-8c9e-d893d027c687", "sender": "user", "content_text": "yes, what is programming?", "audio_file": "", "timestamp": "2026-07-18T10:57:30.348Z"}}, {"model": "chats.message", "pk": 10, "fields": {"session": "4f69147e-b9da-47d1-8c9e-d893d027c687", "sender": "ai", "content_text": "Programming is the process of designing, writing, testing, and maintaining the instructions that a computer follows to perform a specific task. These instructions are called \"code\" and are written in programming languages like Python, Java, or C++.\n\nThink of it like writing a recipe for your favorite dish. You list the ingredients, the steps to follow, and the expected outcome. A computer follows the code in a similar way, executing the instructions to produce a desired result.\n\nWould you like to know more about programming or is there something specific you'd like to explore?", "audio_file": "", "timestamp": "2026-07-18T10:57:31.157Z"}}, {"model": "chats.message", "pk": 11, "fields": {"session": "4f69147e-b9da-47d1-8c9e-d893d027c687", "sender": "user", "content_text": "i want to learn english, what should i do?", "audio_file": "", "timestamp": "2026-07-18T10:58:45.468Z"}}, {"model": "chats.message", "pk": 12, "fields": {"session": "4f69147e-b9da-47d1-8c9e-d893d027c687", "sender": "ai", "content_text": "Learning English can be a fantastic journey.\n\nTo start, let's break it down into smaller steps. Here are a few suggestions:\n\n1. **Set your goals**: What do you want to achieve in English? Do you want to improve your speaking, writing, or reading skills?\n2. **Practice regularly**: Try to practice English every day, even if it's just for a few minutes. You can use language learning apps like Duolingo, watch English videos, or listen to podcasts.\n3. **Improve your vocabulary**: Learn new words and phrases every day. You can use flashcards or play word games to make it more fun.\n4. **Focus on grammar**: Understand the basic grammar rules, such as verb tenses, sentence structure, and punctuation.\n5. **Listen and speak**: Listen to native speakers and try to speak with them. You can find language exchange partners online or practice with a language tutor (like me!).\n\nWhich area would you like to focus on first? \n\n(By the way, I noticed you said \"i want to learn english\" - remember to capitalize the \"I\" at the beginning of the sentence!)", "audio_file": "", "timestamp": "2026-07-18T10:58:46.896Z"}}, {"model": "chats.message", "pk": 13, "fields": {"session": "4f69147e-b9da-47d1-8c9e-d893d027c687", "sender": "user", "content_text": "who is messi", "audio_file": "", "timestamp": "2026-07-18T11:09:27.079Z"}}, {"model": "chats.message", "pk": 14, "fields": {"session": "4f69147e-b9da-47d1-8c9e-d893d027c687", "sender": "ai", "content_text": "Lionel Messi is a legendary Argentine professional footballer widely regarded as one of the greatest players of all time. He's known for his incredible speed, skill, and goal-scoring ability.\n\nMessi has played for FC Barcelona and the Argentina national team, winning numerous titles and individual awards, including six Ballon d'Or awards. He's a creative and dynamic player who has inspired millions of football fans around the world.\n\nInterestingly, Messi is also known for his humility and kindness off the pitch, which has made him a beloved figure beyond the football community.\n\nBy the way, I noticed you said \"who is messi\" - remember to capitalize the \"M\" in Messi's name, and also the first word \"Who\" should be capitalized since it's the beginning of the sentence. So, it should be \"Who is Messi\"?", "audio_file": "", "timestamp": "2026-07-18T11:09:28.146Z"}}, {"model": "chats.message", "pk": 15, "fields": {"session": "4f69147e-b9da-47d1-8c9e-d893d027c687", "sender": "user", "content_text": "who won world cup final 2026", "audio_file": "", "timestamp": "2026-07-18T11:17:53.581Z"}}, {"model": "chats.message", "pk": 16, "fields": {"session": "4f69147e-b9da-47d1-8c9e-d893d027c687", "sender": "ai", "content_text": "I think there's a small issue here. The 2026 FIFA World Cup has not taken place yet, as it's scheduled to occur in the future. The tournament is set to be hosted by the United States, Canada, and Mexico in 2026.\n\nSince the tournament hasn't happened yet, there is no winner to announce. But I'm sure it'll be an exciting event when it takes place!\n\nBy the way, I noticed you said \"who won world cup final 2026\" - remember to capitalize the \"W\" in \"World\" and also add an article (\"the\") before \"World Cup\" to make the sentence clearer. So, it should be \"Who won the World Cup final in 2026\"?", "audio_file": "", "timestamp": "2026-07-18T11:17:54.632Z"}}, {"model": "assessments.assessmentsession", "pk": 1, "fields": {"user": 4, "status": "completed", "current_step": 7, "draft_data": {"step_1": {"name": "Collins", "age_group": "18-24", "native_language": "Swahili"}, "step_2": {"overall_rating": 3, "reading_skill": 3}, "step_3": {"notes": "I have studied english for 1 month"}, "step_4": {"notes": "i have studied english in one month"}, "step_5": {"notes": "okay"}, "step_6": {"1": 1, "2": 0, "3": 0, "4": 0, "5": 3, "6": 0, "7": 1, "8": 0, "9": 3, "10": 1}}, "final_score": 2, "assigned_level": "Beginner (CEFR A1 - A2)", "created_at": "2026-07-18T10:22:41.077Z", "updated_at": "2026-07-18T10:25:35.136Z"}}, {"model": "assessments.assessmentsession", "pk": 2, "fields": {"user": 3, "status": "completed", "current_step": 7, "draft_data": {"step_1": {"name": "alex", "age_group": "18-24", "native_language": "russian"}, "step_2": {"overall_rating": 6, "reading_skill": 5}, "step_3": {"notes": "test"}, "step_4": {"notes": "test"}, "step_5": {"notes": "test"}, "step_6": {"1": 0, "2": 1, "3": 0, "4": 0, "5": 0, "6": 2, "7": 2, "8": 1, "9": 1, "10": 0}}, "final_score": 2, "assigned_level": "Beginner (CEFR A1 - A2)", "created_at": "2026-07-18T10:36:01.996Z", "updated_at": "2026-07-18T11:11:42.802Z"}}]
